<?xml version="1.0" encoding="UTF-8"?>
<!DOCTYPE hibernate-configuration PUBLIC
        "-//Hibernate/Hibernate Configuration DTD 3.0//EN"
        "http://www.hibernate.org/dtd/hibernate-configuration-3.0.dtd">

<hibernate-configuration>
    <session-factory>

        <property name="dialect">org.hibernate.dialect.SQLiteDialect</property>
        <property name="connection.driver_class">org.sqlite.JDBC</property>
        <property name="connection.url">jdbc:sqlite:F://Faculta//Anul2Semestrul2//AI//proiecte//Proiect//src//main//resources//company.db</property>

<!--        <property name="hibernate.hbm2ddl.auto">update</property>-->

        <!-- Echo all executed SQL to stdout -->
        <property name="show_sql">true</property>
        <property name="format_sql">true</property>

        <mapping class="Entities.Angajat"/>
        <mapping class="Entities.Sef"/>
        <mapping class="Entities.Logare"/>
        <mapping class="Entities.Sarcina"/>
        <mapping class="Entities.SarcinaAngajat"/>

    </session-factory>
</hibernate-configuration>